{"cameraMode":{"drawMode":0,"name":"Shaded","section":"Shading Mode"},"sceneLighting":true,"audioPlay":false,"sceneViewState":{"m_AlwaysRefresh":false,"showFog":true,"showSkybox":true,"showFlares":true,"showImageEffects":true,"showParticleSystems":true,"showVisualEffectGraphs":true,"m_FxEnabled":true},"in2DMode":false,"pivot":{"x":-0.08938232809305191,"y":1.4380983114242554,"z":1.798003911972046},"rotation":{"x":-0.1792602837085724,"y":-0.022094406187534334,"z":0.003986971452832222,"w":-0.9833790063858032},"size":1.1171337366104127,"orthographic":false}